mmsi,vessel_id,vessel_name,timestamp,lat,lon,sog,cog,nav_status,source
477001073,V001,SPOOFED TANKER scenario_073,2024-03-15T00:00:00+00:00,17.0016,64.8959,12.8,135.0,0,AIS_CLASS_A
477001073,V001,SPOOFED TANKER scenario_073,2024-03-15T00:10:00+00:00,16.9866,64.8809,13.0,135.0,0,AIS_CLASS_A
477001073,V001,SPOOFED TANKER scenario_073,2024-03-15T00:20:00+00:00,16.9716,64.8659,13.0,135.0,0,AIS_CLASS_A
477001073,V001,SPOOFED TANKER scenario_073,2024-03-15T00:30:00+00:00,16.9566,64.8509,12.8,135.0,0,AIS_CLASS_A
477001073,V001,SPOOFED TANKER scenario_073,2024-03-15T00:40:00+00:00,16.9416,64.8359,12.6,135.0,0,AIS_CLASS_A
477001073,V001,SPOOFED TANKER scenario_073,2024-03-15T00:50:00+00:00,16.9266,64.8209,12.6,135.0,0,AIS_CLASS_A
477001073,V001,SPOOFED TANKER scenario_073,2024-03-15T01:00:00+00:00,16.9116,64.8059,12.7,135.0,0,AIS_CLASS_A
477001073,V001,SPOOFED TANKER scenario_073,2024-03-15T01:10:00+00:00,16.8966,64.7909,12.9,135.0,0,AIS_CLASS_A
477001073,V001,SPOOFED TANKER scenario_073,2024-03-15T01:20:00+00:00,16.8816,64.7759,13.0,135.0,0,AIS_CLASS_A
477001073,V001,SPOOFED TANKER scenario_073,2024-03-15T01:30:00+00:00,16.8666,64.7609,12.9,135.0,0,AIS_CLASS_A
477001073,V001,SPOOFED TANKER scenario_073,2024-03-15T01:40:00+00:00,16.8516,64.7459,12.7,135.0,0,AIS_CLASS_A
477001073,V001,SPOOFED TANKER scenario_073,2024-03-15T01:50:00+00:00,16.8366,64.7309,12.6,135.0,0,AIS_CLASS_A
477001073,V001,SPOOFED TANKER scenario_073,2024-03-15T02:00:00+00:00,16.8216,64.7159,12.7,135.0,0,AIS_CLASS_A
477001073,V001,SPOOFED TANKER scenario_073,2024-03-15T02:10:00+00:00,16.8066,64.7009,12.9,135.0,0,AIS_CLASS_A
477001073,V001,SPOOFED TANKER scenario_073,2024-03-15T02:20:00+00:00,16.7916,64.6859,13.0,135.0,0,AIS_CLASS_A
477001073,V001,SPOOFED TANKER scenario_073,2024-03-15T02:30:00+00:00,16.7766,64.6709,12.9,135.0,0,AIS_CLASS_A
477001073,V001,SPOOFED TANKER scenario_073,2024-03-15T02:40:00+00:00,16.7616,64.6559,12.7,135.0,0,AIS_CLASS_A
477001073,V001,SPOOFED TANKER scenario_073,2024-03-15T02:50:00+00:00,16.7466,64.6409,12.6,135.0,0,AIS_CLASS_A
477001073,V001,SPOOFED TANKER scenario_073,2024-03-15T03:00:00+00:00,16.7316,64.6259,12.6,135.0,0,AIS_CLASS_A
477001073,V001,SPOOFED TANKER scenario_073,2024-03-15T03:10:00+00:00,16.7166,64.6109,12.8,135.0,0,AIS_CLASS_A
477001073,V001,SPOOFED TANKER scenario_073,2024-03-15T03:20:00+00:00,16.7016,64.5959,13.0,135.0,0,AIS_CLASS_A
477001073,V001,SPOOFED TANKER scenario_073,2024-03-15T03:30:00+00:00,16.6866,64.5809,13.0,135.0,0,AIS_CLASS_A
477001073,V001,SPOOFED TANKER scenario_073,2024-03-15T03:40:00+00:00,16.6716,64.5659,12.8,135.0,0,AIS_CLASS_A
477001073,V001,SPOOFED TANKER scenario_073,2024-03-15T03:50:00+00:00,16.6566,64.5509,12.6,135.0,0,AIS_CLASS_A
477001073,V001,SPOOFED TANKER scenario_073,2024-03-15T04:00:00+00:00,16.6416,64.5359,12.6,135.0,0,AIS_CLASS_A
477001073,V001,SPOOFED TANKER scenario_073,2024-03-15T04:10:00+00:00,16.6266,64.5209,12.8,135.0,0,AIS_CLASS_A
477001073,V001,SPOOFED TANKER scenario_073,2024-03-15T04:20:00+00:00,16.6116,64.5059,13.0,135.0,0,AIS_CLASS_A
477001073,V001,SPOOFED TANKER scenario_073,2024-03-15T04:30:00+00:00,16.5966,64.4909,13.0,135.0,0,AIS_CLASS_A
477001073,V001,SPOOFED TANKER scenario_073,2024-03-15T04:40:00+00:00,16.5816,64.4759,12.9,135.0,0,AIS_CLASS_A
477001073,V001,SPOOFED TANKER scenario_073,2024-03-15T04:50:00+00:00,16.5666,64.4609,12.7,135.0,0,AIS_CLASS_A
477001073,V001,SPOOFED TANKER scenario_073,2024-03-15T05:00:00+00:00,16.5516,64.4459,12.6,135.0,0,AIS_CLASS_A
477001073,V001,SPOOFED TANKER scenario_073,2024-03-15T05:10:00+00:00,16.5366,64.4309,12.7,135.0,0,AIS_CLASS_A
477001073,V001,SPOOFED TANKER scenario_073,2024-03-15T05:20:00+00:00,16.5216,64.4159,12.9,135.0,0,AIS_CLASS_A
477001073,V001,SPOOFED TANKER scenario_073,2024-03-15T05:30:00+00:00,16.5066,64.4009,13.0,135.0,0,AIS_CLASS_A
477001073,V001,SPOOFED TANKER scenario_073,2024-03-15T05:40:00+00:00,16.4916,64.3859,36.5,135.0,0,AIS_CLASS_A
477001073,V001,SPOOFED TANKER scenario_073,2024-03-15T05:50:00+00:00,16.4766,64.3709,12.7,135.0,0,AIS_CLASS_A
477001073,V001,SPOOFED TANKER scenario_073,2024-03-15T06:00:00+00:00,16.4616,64.3559,12.6,135.0,0,AIS_CLASS_A
477001073,V001,SPOOFED TANKER scenario_073,2024-03-15T06:10:00+00:00,16.4466,64.3409,12.7,135.0,0,AIS_CLASS_A
477001073,V001,SPOOFED TANKER scenario_073,2024-03-15T06:20:00+00:00,16.4316,64.3259,12.9,135.0,0,AIS_CLASS_A
477001073,V001,SPOOFED TANKER scenario_073,2024-03-15T06:30:00+00:00,16.4166,64.3109,13.0,135.0,0,AIS_CLASS_A
477001073,V001,SPOOFED TANKER scenario_073,2024-03-15T06:40:00+00:00,16.4016,64.2959,12.9,135.0,0,AIS_CLASS_A
477001073,V001,SPOOFED TANKER scenario_073,2024-03-15T06:50:00+00:00,16.3866,64.2809,12.8,135.0,0,AIS_CLASS_A
477001073,V001,SPOOFED TANKER scenario_073,2024-03-15T07:00:00+00:00,16.3716,64.2659,12.6,135.0,0,AIS_CLASS_A
477001073,V001,SPOOFED TANKER scenario_073,2024-03-15T07:10:00+00:00,16.3566,64.2509,12.6,135.0,0,AIS_CLASS_A
477001073,V001,SPOOFED TANKER scenario_073,2024-03-15T07:20:00+00:00,16.3416,64.2359,12.8,135.0,0,AIS_CLASS_A
477001073,V001,SPOOFED TANKER scenario_073,2024-03-15T07:30:00+00:00,16.3266,64.2209,13.0,135.0,0,AIS_CLASS_A
477001073,V001,SPOOFED TANKER scenario_073,2024-03-15T07:40:00+00:00,16.3116,64.2059,13.0,135.0,0,AIS_CLASS_A
477001073,V001,SPOOFED TANKER scenario_073,2024-03-15T07:50:00+00:00,16.2966,64.1909,12.8,135.0,0,AIS_CLASS_A
477001073,V001,SPOOFED TANKER scenario_073,2024-03-15T08:00:00+00:00,16.2816,64.1759,12.6,135.0,0,AIS_CLASS_A
477001073,V001,SPOOFED TANKER scenario_073,2024-03-15T08:10:00+00:00,16.2666,64.1609,12.6,135.0,0,AIS_CLASS_A
477001073,V001,SPOOFED TANKER scenario_073,2024-03-15T08:20:00+00:00,16.2516,64.1459,12.7,135.0,0,AIS_CLASS_A
477001073,V001,SPOOFED TANKER scenario_073,2024-03-15T08:30:00+00:00,16.2366,64.1309,12.9,135.0,0,AIS_CLASS_A
477001073,V001,SPOOFED TANKER scenario_073,2024-03-15T08:40:00+00:00,16.2216,64.1159,13.0,135.0,0,AIS_CLASS_A
477001073,V001,SPOOFED TANKER scenario_073,2024-03-15T08:50:00+00:00,16.2066,64.1009,12.9,135.0,0,AIS_CLASS_A
477001073,V001,SPOOFED TANKER scenario_073,2024-03-15T09:00:00+00:00,16.1916,64.0859,12.7,135.0,0,AIS_CLASS_A
477001073,V001,SPOOFED TANKER scenario_073,2024-03-15T09:10:00+00:00,16.1766,64.0709,12.6,135.0,0,AIS_CLASS_A
477001073,V001,SPOOFED TANKER scenario_073,2024-03-15T09:20:00+00:00,16.1616,64.0559,12.7,135.0,0,AIS_CLASS_A
477001073,V001,SPOOFED TANKER scenario_073,2024-03-15T09:30:00+00:00,16.1466,64.0409,12.9,135.0,0,AIS_CLASS_A
477001073,V001,SPOOFED TANKER scenario_073,2024-03-15T09:40:00+00:00,16.1316,64.0259,13.0,135.0,0,AIS_CLASS_A
477001073,V001,SPOOFED TANKER scenario_073,2024-03-15T09:50:00+00:00,16.1166,64.0109,12.9,135.0,0,AIS_CLASS_A
477002073,V002,BYSTANDER V002,2024-03-15T00:00:00+00:00,17.0116,63.9559,12.0,95.0,0,AIS_CLASS_A
477002073,V002,BYSTANDER V002,2024-03-15T00:10:00+00:00,17.0076,63.9909,12.2,95.0,0,AIS_CLASS_A
477002073,V002,BYSTANDER V002,2024-03-15T00:20:00+00:00,17.0036,64.0259,12.2,95.0,0,AIS_CLASS_A
477002073,V002,BYSTANDER V002,2024-03-15T00:30:00+00:00,16.9996,64.0609,12.0,95.0,0,AIS_CLASS_A
477002073,V002,BYSTANDER V002,2024-03-15T00:40:00+00:00,16.9956,64.0959,11.8,95.0,0,AIS_CLASS_A
477002073,V002,BYSTANDER V002,2024-03-15T00:50:00+00:00,16.9916,64.1309,11.8,95.0,0,AIS_CLASS_A
477002073,V002,BYSTANDER V002,2024-03-15T01:00:00+00:00,16.9876,64.1659,11.9,95.0,0,AIS_CLASS_A
477002073,V002,BYSTANDER V002,2024-03-15T01:10:00+00:00,16.9836,64.2009,12.1,95.0,0,AIS_CLASS_A
477002073,V002,BYSTANDER V002,2024-03-15T01:20:00+00:00,16.9796,64.2359,12.2,95.0,0,AIS_CLASS_A
477002073,V002,BYSTANDER V002,2024-03-15T01:30:00+00:00,16.9756,64.2709,12.1,95.0,0,AIS_CLASS_A
477002073,V002,BYSTANDER V002,2024-03-15T01:40:00+00:00,16.9716,64.3059,11.9,95.0,0,AIS_CLASS_A
477002073,V002,BYSTANDER V002,2024-03-15T01:50:00+00:00,16.9676,64.3409,11.8,95.0,0,AIS_CLASS_A
477002073,V002,BYSTANDER V002,2024-03-15T02:00:00+00:00,16.9636,64.3759,11.9,95.0,0,AIS_CLASS_A
477002073,V002,BYSTANDER V002,2024-03-15T02:10:00+00:00,16.9596,64.4109,12.1,95.0,0,AIS_CLASS_A
477002073,V002,BYSTANDER V002,2024-03-15T02:20:00+00:00,16.9556,64.4459,12.2,95.0,0,AIS_CLASS_A
477002073,V002,BYSTANDER V002,2024-03-15T02:30:00+00:00,16.9516,64.4809,12.1,95.0,0,AIS_CLASS_A
477002073,V002,BYSTANDER V002,2024-03-15T02:40:00+00:00,16.9476,64.5159,11.9,95.0,0,AIS_CLASS_A
477002073,V002,BYSTANDER V002,2024-03-15T02:50:00+00:00,16.9436,64.5509,11.8,95.0,0,AIS_CLASS_A
477002073,V002,BYSTANDER V002,2024-03-15T03:00:00+00:00,16.9396,64.5859,11.8,95.0,0,AIS_CLASS_A
477002073,V002,BYSTANDER V002,2024-03-15T03:10:00+00:00,16.9356,64.6209,12.0,95.0,0,AIS_CLASS_A
477002073,V002,BYSTANDER V002,2024-03-15T03:20:00+00:00,16.9316,64.6559,12.2,95.0,0,AIS_CLASS_A
477002073,V002,BYSTANDER V002,2024-03-15T03:30:00+00:00,16.9276,64.6909,12.2,95.0,0,AIS_CLASS_A
477002073,V002,BYSTANDER V002,2024-03-15T03:40:00+00:00,16.9236,64.7259,12.0,95.0,0,AIS_CLASS_A
477002073,V002,BYSTANDER V002,2024-03-15T03:50:00+00:00,16.9196,64.7609,11.8,95.0,0,AIS_CLASS_A
477002073,V002,BYSTANDER V002,2024-03-15T04:00:00+00:00,16.9156,64.7959,11.8,95.0,0,AIS_CLASS_A
477002073,V002,BYSTANDER V002,2024-03-15T04:10:00+00:00,16.9116,64.8309,12.0,95.0,0,AIS_CLASS_A
477002073,V002,BYSTANDER V002,2024-03-15T04:20:00+00:00,16.9076,64.8659,12.2,95.0,0,AIS_CLASS_A
477002073,V002,BYSTANDER V002,2024-03-15T04:30:00+00:00,16.9036,64.9009,12.2,95.0,0,AIS_CLASS_A
477002073,V002,BYSTANDER V002,2024-03-15T04:40:00+00:00,16.8996,64.9359,12.1,95.0,0,AIS_CLASS_A
477002073,V002,BYSTANDER V002,2024-03-15T04:50:00+00:00,16.8956,64.9709,11.9,95.0,0,AIS_CLASS_A
477002073,V002,BYSTANDER V002,2024-03-15T05:00:00+00:00,16.8916,65.0059,11.8,95.0,0,AIS_CLASS_A
477002073,V002,BYSTANDER V002,2024-03-15T05:10:00+00:00,16.8876,65.0409,11.9,95.0,0,AIS_CLASS_A
477002073,V002,BYSTANDER V002,2024-03-15T05:20:00+00:00,16.8836,65.0759,12.1,95.0,0,AIS_CLASS_A
477002073,V002,BYSTANDER V002,2024-03-15T05:30:00+00:00,16.8796,65.1109,12.2,95.0,0,AIS_CLASS_A
477002073,V002,BYSTANDER V002,2024-03-15T05:40:00+00:00,16.8756,65.1459,12.1,95.0,0,AIS_CLASS_A
477002073,V002,BYSTANDER V002,2024-03-15T05:50:00+00:00,16.8716,65.1809,11.9,95.0,0,AIS_CLASS_A
477002073,V002,BYSTANDER V002,2024-03-15T06:00:00+00:00,16.8676,65.2159,11.8,95.0,0,AIS_CLASS_A
477002073,V002,BYSTANDER V002,2024-03-15T06:10:00+00:00,16.8636,65.2509,11.9,95.0,0,AIS_CLASS_A
477002073,V002,BYSTANDER V002,2024-03-15T06:20:00+00:00,16.8596,65.2859,12.1,95.0,0,AIS_CLASS_A
477002073,V002,BYSTANDER V002,2024-03-15T06:30:00+00:00,16.8556,65.3209,12.2,95.0,0,AIS_CLASS_A
477002073,V002,BYSTANDER V002,2024-03-15T06:40:00+00:00,16.8516,65.3559,12.1,95.0,0,AIS_CLASS_A
477002073,V002,BYSTANDER V002,2024-03-15T06:50:00+00:00,16.8476,65.3909,12.0,95.0,0,AIS_CLASS_A
477002073,V002,BYSTANDER V002,2024-03-15T07:00:00+00:00,16.8436,65.4259,11.8,95.0,0,AIS_CLASS_A
477002073,V002,BYSTANDER V002,2024-03-15T07:10:00+00:00,16.8396,65.4609,11.8,95.0,0,AIS_CLASS_A
477002073,V002,BYSTANDER V002,2024-03-15T07:20:00+00:00,16.8356,65.4959,12.0,95.0,0,AIS_CLASS_A
477002073,V002,BYSTANDER V002,2024-03-15T07:30:00+00:00,16.8316,65.5309,12.2,95.0,0,AIS_CLASS_A
477002073,V002,BYSTANDER V002,2024-03-15T07:40:00+00:00,16.8276,65.5659,12.2,95.0,0,AIS_CLASS_A
477002073,V002,BYSTANDER V002,2024-03-15T07:50:00+00:00,16.8236,65.6009,12.0,95.0,0,AIS_CLASS_A
477002073,V002,BYSTANDER V002,2024-03-15T08:00:00+00:00,16.8196,65.6359,11.8,95.0,0,AIS_CLASS_A
477002073,V002,BYSTANDER V002,2024-03-15T08:10:00+00:00,16.8156,65.6709,11.8,95.0,0,AIS_CLASS_A
477002073,V002,BYSTANDER V002,2024-03-15T08:20:00+00:00,16.8116,65.7059,11.9,95.0,0,AIS_CLASS_A
477002073,V002,BYSTANDER V002,2024-03-15T08:30:00+00:00,16.8076,65.7409,12.1,95.0,0,AIS_CLASS_A
477002073,V002,BYSTANDER V002,2024-03-15T08:40:00+00:00,16.8036,65.7759,12.2,95.0,0,AIS_CLASS_A
477002073,V002,BYSTANDER V002,2024-03-15T08:50:00+00:00,16.7996,65.8109,12.1,95.0,0,AIS_CLASS_A
477002073,V002,BYSTANDER V002,2024-03-15T09:00:00+00:00,16.7956,65.8459,11.9,95.0,0,AIS_CLASS_A
477002073,V002,BYSTANDER V002,2024-03-15T09:10:00+00:00,16.7916,65.8809,11.8,95.0,0,AIS_CLASS_A
477002073,V002,BYSTANDER V002,2024-03-15T09:20:00+00:00,16.7876,65.9159,11.9,95.0,0,AIS_CLASS_A
477002073,V002,BYSTANDER V002,2024-03-15T09:30:00+00:00,16.7836,65.9509,12.1,95.0,0,AIS_CLASS_A
477002073,V002,BYSTANDER V002,2024-03-15T09:40:00+00:00,16.7796,65.9859,12.2,95.0,0,AIS_CLASS_A
477002073,V002,BYSTANDER V002,2024-03-15T09:50:00+00:00,16.7756,66.0209,12.1,95.0,0,AIS_CLASS_A
477003073,V003,BYSTANDER V003,2024-03-15T00:00:00+00:00,17.0616,64.8559,12.5,275.0,0,AIS_CLASS_A
477003073,V003,BYSTANDER V003,2024-03-15T00:10:00+00:00,17.0666,64.8159,12.7,275.0,0,AIS_CLASS_A
477003073,V003,BYSTANDER V003,2024-03-15T00:20:00+00:00,17.0716,64.7759,12.7,275.0,0,AIS_CLASS_A
477003073,V003,BYSTANDER V003,2024-03-15T00:30:00+00:00,17.0766,64.7359,12.5,275.0,0,AIS_CLASS_A
477003073,V003,BYSTANDER V003,2024-03-15T00:40:00+00:00,17.0816,64.6959,12.3,275.0,0,AIS_CLASS_A
477003073,V003,BYSTANDER V003,2024-03-15T00:50:00+00:00,17.0866,64.6559,12.3,275.0,0,AIS_CLASS_A
477003073,V003,BYSTANDER V003,2024-03-15T01:00:00+00:00,17.0916,64.6159,12.4,275.0,0,AIS_CLASS_A
477003073,V003,BYSTANDER V003,2024-03-15T01:10:00+00:00,17.0966,64.5759,12.6,275.0,0,AIS_CLASS_A
477003073,V003,BYSTANDER V003,2024-03-15T01:20:00+00:00,17.1016,64.5359,12.7,275.0,0,AIS_CLASS_A
477003073,V003,BYSTANDER V003,2024-03-15T01:30:00+00:00,17.1066,64.4959,12.6,275.0,0,AIS_CLASS_A
477003073,V003,BYSTANDER V003,2024-03-15T01:40:00+00:00,17.1116,64.4559,12.4,275.0,0,AIS_CLASS_A
477003073,V003,BYSTANDER V003,2024-03-15T01:50:00+00:00,17.1166,64.4159,12.3,275.0,0,AIS_CLASS_A
477003073,V003,BYSTANDER V003,2024-03-15T02:00:00+00:00,17.1216,64.3759,12.4,275.0,0,AIS_CLASS_A
477003073,V003,BYSTANDER V003,2024-03-15T02:10:00+00:00,17.1266,64.3359,12.6,275.0,0,AIS_CLASS_A
477003073,V003,BYSTANDER V003,2024-03-15T02:20:00+00:00,17.1316,64.2959,12.7,275.0,0,AIS_CLASS_A
477003073,V003,BYSTANDER V003,2024-03-15T02:30:00+00:00,17.1366,64.2559,12.6,275.0,0,AIS_CLASS_A
477003073,V003,BYSTANDER V003,2024-03-15T02:40:00+00:00,17.1416,64.2159,12.4,275.0,0,AIS_CLASS_A
477003073,V003,BYSTANDER V003,2024-03-15T02:50:00+00:00,17.1466,64.1759,12.3,275.0,0,AIS_CLASS_A
477003073,V003,BYSTANDER V003,2024-03-15T03:00:00+00:00,17.1516,64.1359,12.3,275.0,0,AIS_CLASS_A
477003073,V003,BYSTANDER V003,2024-03-15T03:10:00+00:00,17.1566,64.0959,12.5,275.0,0,AIS_CLASS_A
477003073,V003,BYSTANDER V003,2024-03-15T03:20:00+00:00,17.1616,64.0559,12.7,275.0,0,AIS_CLASS_A
477003073,V003,BYSTANDER V003,2024-03-15T03:30:00+00:00,17.1666,64.0159,12.7,275.0,0,AIS_CLASS_A
477003073,V003,BYSTANDER V003,2024-03-15T03:40:00+00:00,17.1716,63.9759,12.5,275.0,0,AIS_CLASS_A
477003073,V003,BYSTANDER V003,2024-03-15T03:50:00+00:00,17.1766,63.9359,12.3,275.0,0,AIS_CLASS_A
477003073,V003,BYSTANDER V003,2024-03-15T04:00:00+00:00,17.1816,63.8959,12.3,275.0,0,AIS_CLASS_A
477003073,V003,BYSTANDER V003,2024-03-15T04:10:00+00:00,17.1866,63.8559,12.5,275.0,0,AIS_CLASS_A
477003073,V003,BYSTANDER V003,2024-03-15T04:20:00+00:00,17.1916,63.8159,12.7,275.0,0,AIS_CLASS_A
477003073,V003,BYSTANDER V003,2024-03-15T04:30:00+00:00,17.1966,63.7759,12.7,275.0,0,AIS_CLASS_A
477003073,V003,BYSTANDER V003,2024-03-15T04:40:00+00:00,17.2016,63.7359,12.6,275.0,0,AIS_CLASS_A
477003073,V003,BYSTANDER V003,2024-03-15T04:50:00+00:00,17.2066,63.6959,12.4,275.0,0,AIS_CLASS_A
477003073,V003,BYSTANDER V003,2024-03-15T05:00:00+00:00,17.2116,63.6559,12.3,275.0,0,AIS_CLASS_A
477003073,V003,BYSTANDER V003,2024-03-15T05:10:00+00:00,17.2166,63.6159,12.4,275.0,0,AIS_CLASS_A
477003073,V003,BYSTANDER V003,2024-03-15T05:20:00+00:00,17.2216,63.5759,12.6,275.0,0,AIS_CLASS_A
477003073,V003,BYSTANDER V003,2024-03-15T05:30:00+00:00,17.2266,63.5359,12.7,275.0,0,AIS_CLASS_A
477003073,V003,BYSTANDER V003,2024-03-15T05:40:00+00:00,17.2316,63.4959,12.6,275.0,0,AIS_CLASS_A
477003073,V003,BYSTANDER V003,2024-03-15T05:50:00+00:00,17.2366,63.4559,12.4,275.0,0,AIS_CLASS_A
477003073,V003,BYSTANDER V003,2024-03-15T06:00:00+00:00,17.2416,63.4159,12.3,275.0,0,AIS_CLASS_A
477003073,V003,BYSTANDER V003,2024-03-15T06:10:00+00:00,17.2466,63.3759,12.4,275.0,0,AIS_CLASS_A
477003073,V003,BYSTANDER V003,2024-03-15T06:20:00+00:00,17.2516,63.3359,12.6,275.0,0,AIS_CLASS_A
477003073,V003,BYSTANDER V003,2024-03-15T06:30:00+00:00,17.2566,63.2959,12.7,275.0,0,AIS_CLASS_A
477003073,V003,BYSTANDER V003,2024-03-15T06:40:00+00:00,17.2616,63.2559,12.6,275.0,0,AIS_CLASS_A
477003073,V003,BYSTANDER V003,2024-03-15T06:50:00+00:00,17.2666,63.2159,12.5,275.0,0,AIS_CLASS_A
477003073,V003,BYSTANDER V003,2024-03-15T07:00:00+00:00,17.2716,63.1759,12.3,275.0,0,AIS_CLASS_A
477003073,V003,BYSTANDER V003,2024-03-15T07:10:00+00:00,17.2766,63.1359,12.3,275.0,0,AIS_CLASS_A
477003073,V003,BYSTANDER V003,2024-03-15T07:20:00+00:00,17.2816,63.0959,12.5,275.0,0,AIS_CLASS_A
477003073,V003,BYSTANDER V003,2024-03-15T07:30:00+00:00,17.2866,63.0559,12.7,275.0,0,AIS_CLASS_A
477003073,V003,BYSTANDER V003,2024-03-15T07:40:00+00:00,17.2916,63.0159,12.7,275.0,0,AIS_CLASS_A
477003073,V003,BYSTANDER V003,2024-03-15T07:50:00+00:00,17.2966,62.9759,12.5,275.0,0,AIS_CLASS_A
477003073,V003,BYSTANDER V003,2024-03-15T08:00:00+00:00,17.3016,62.9359,12.3,275.0,0,AIS_CLASS_A
477003073,V003,BYSTANDER V003,2024-03-15T08:10:00+00:00,17.3066,62.8959,12.3,275.0,0,AIS_CLASS_A
477003073,V003,BYSTANDER V003,2024-03-15T08:20:00+00:00,17.3116,62.8559,12.4,275.0,0,AIS_CLASS_A
477003073,V003,BYSTANDER V003,2024-03-15T08:30:00+00:00,17.3166,62.8159,12.6,275.0,0,AIS_CLASS_A
477003073,V003,BYSTANDER V003,2024-03-15T08:40:00+00:00,17.3216,62.7759,12.7,275.0,0,AIS_CLASS_A
477003073,V003,BYSTANDER V003,2024-03-15T08:50:00+00:00,17.3266,62.7359,12.6,275.0,0,AIS_CLASS_A
477003073,V003,BYSTANDER V003,2024-03-15T09:00:00+00:00,17.3316,62.6959,12.4,275.0,0,AIS_CLASS_A
477003073,V003,BYSTANDER V003,2024-03-15T09:10:00+00:00,17.3366,62.6559,12.3,275.0,0,AIS_CLASS_A
477003073,V003,BYSTANDER V003,2024-03-15T09:20:00+00:00,17.3416,62.6159,12.4,275.0,0,AIS_CLASS_A
477003073,V003,BYSTANDER V003,2024-03-15T09:30:00+00:00,17.3466,62.5759,12.6,275.0,0,AIS_CLASS_A
477003073,V003,BYSTANDER V003,2024-03-15T09:40:00+00:00,17.3516,62.5359,12.7,275.0,0,AIS_CLASS_A
477003073,V003,BYSTANDER V003,2024-03-15T09:50:00+00:00,17.3566,62.4959,12.6,275.0,0,AIS_CLASS_A
477004073,V004,BYSTANDER V004,2024-03-15T00:00:00+00:00,15.7616,63.7559,11.0,175.0,0,AIS_CLASS_A
477004073,V004,BYSTANDER V004,2024-03-15T00:10:00+00:00,15.7216,63.7609,11.2,175.0,0,AIS_CLASS_A
477004073,V004,BYSTANDER V004,2024-03-15T00:20:00+00:00,15.6816,63.7659,11.2,175.0,0,AIS_CLASS_A
477004073,V004,BYSTANDER V004,2024-03-15T00:30:00+00:00,15.6416,63.7709,11.0,175.0,0,AIS_CLASS_A
477004073,V004,BYSTANDER V004,2024-03-15T00:40:00+00:00,15.6016,63.7759,10.8,175.0,0,AIS_CLASS_A
477004073,V004,BYSTANDER V004,2024-03-15T00:50:00+00:00,15.5616,63.7809,10.8,175.0,0,AIS_CLASS_A
477004073,V004,BYSTANDER V004,2024-03-15T01:00:00+00:00,15.5216,63.7859,10.9,175.0,0,AIS_CLASS_A
477004073,V004,BYSTANDER V004,2024-03-15T01:10:00+00:00,15.4816,63.7909,11.1,175.0,0,AIS_CLASS_A
477004073,V004,BYSTANDER V004,2024-03-15T01:20:00+00:00,15.4416,63.7959,11.2,175.0,0,AIS_CLASS_A
477004073,V004,BYSTANDER V004,2024-03-15T01:30:00+00:00,15.4016,63.8009,11.1,175.0,0,AIS_CLASS_A
477004073,V004,BYSTANDER V004,2024-03-15T01:40:00+00:00,15.3616,63.8059,10.9,175.0,0,AIS_CLASS_A
477004073,V004,BYSTANDER V004,2024-03-15T01:50:00+00:00,15.3216,63.8109,10.8,175.0,0,AIS_CLASS_A
477004073,V004,BYSTANDER V004,2024-03-15T02:00:00+00:00,15.2816,63.8159,10.9,175.0,0,AIS_CLASS_A
477004073,V004,BYSTANDER V004,2024-03-15T02:10:00+00:00,15.2416,63.8209,11.1,175.0,0,AIS_CLASS_A
477004073,V004,BYSTANDER V004,2024-03-15T02:20:00+00:00,15.2016,63.8259,11.2,175.0,0,AIS_CLASS_A
477004073,V004,BYSTANDER V004,2024-03-15T02:30:00+00:00,15.1616,63.8309,11.1,175.0,0,AIS_CLASS_A
477004073,V004,BYSTANDER V004,2024-03-15T02:40:00+00:00,15.1216,63.8359,10.9,175.0,0,AIS_CLASS_A
477004073,V004,BYSTANDER V004,2024-03-15T02:50:00+00:00,15.0816,63.8409,10.8,175.0,0,AIS_CLASS_A
477004073,V004,BYSTANDER V004,2024-03-15T03:00:00+00:00,15.0416,63.8459,10.8,175.0,0,AIS_CLASS_A
477004073,V004,BYSTANDER V004,2024-03-15T03:10:00+00:00,15.0016,63.8509,11.0,175.0,0,AIS_CLASS_A
477004073,V004,BYSTANDER V004,2024-03-15T03:20:00+00:00,14.9616,63.8559,11.2,175.0,0,AIS_CLASS_A
477004073,V004,BYSTANDER V004,2024-03-15T03:30:00+00:00,14.9216,63.8609,11.2,175.0,0,AIS_CLASS_A
477004073,V004,BYSTANDER V004,2024-03-15T03:40:00+00:00,14.8816,63.8659,11.0,175.0,0,AIS_CLASS_A
477004073,V004,BYSTANDER V004,2024-03-15T03:50:00+00:00,14.8416,63.8709,10.8,175.0,0,AIS_CLASS_A
477004073,V004,BYSTANDER V004,2024-03-15T04:00:00+00:00,14.8016,63.8759,10.8,175.0,0,AIS_CLASS_A
477004073,V004,BYSTANDER V004,2024-03-15T04:10:00+00:00,14.7616,63.8809,11.0,175.0,0,AIS_CLASS_A
477004073,V004,BYSTANDER V004,2024-03-15T04:20:00+00:00,14.7216,63.8859,11.2,175.0,0,AIS_CLASS_A
477004073,V004,BYSTANDER V004,2024-03-15T04:30:00+00:00,14.6816,63.8909,11.2,175.0,0,AIS_CLASS_A
477004073,V004,BYSTANDER V004,2024-03-15T04:40:00+00:00,14.6416,63.8959,11.1,175.0,0,AIS_CLASS_A
477004073,V004,BYSTANDER V004,2024-03-15T04:50:00+00:00,14.6016,63.9009,10.9,175.0,0,AIS_CLASS_A
477004073,V004,BYSTANDER V004,2024-03-15T05:00:00+00:00,14.5616,63.9059,10.8,175.0,0,AIS_CLASS_A
477004073,V004,BYSTANDER V004,2024-03-15T05:10:00+00:00,14.5216,63.9109,10.9,175.0,0,AIS_CLASS_A
477004073,V004,BYSTANDER V004,2024-03-15T05:20:00+00:00,14.4816,63.9159,11.1,175.0,0,AIS_CLASS_A
477004073,V004,BYSTANDER V004,2024-03-15T05:30:00+00:00,14.4416,63.9209,11.2,175.0,0,AIS_CLASS_A
477004073,V004,BYSTANDER V004,2024-03-15T05:40:00+00:00,14.4016,63.9259,11.1,175.0,0,AIS_CLASS_A
477004073,V004,BYSTANDER V004,2024-03-15T05:50:00+00:00,14.3616,63.9309,10.9,175.0,0,AIS_CLASS_A
477004073,V004,BYSTANDER V004,2024-03-15T06:00:00+00:00,14.3216,63.9359,10.8,175.0,0,AIS_CLASS_A
477004073,V004,BYSTANDER V004,2024-03-15T06:10:00+00:00,14.2816,63.9409,10.9,175.0,0,AIS_CLASS_A
477004073,V004,BYSTANDER V004,2024-03-15T06:20:00+00:00,14.2416,63.9459,11.1,175.0,0,AIS_CLASS_A
477004073,V004,BYSTANDER V004,2024-03-15T06:30:00+00:00,14.2016,63.9509,11.2,175.0,0,AIS_CLASS_A
477004073,V004,BYSTANDER V004,2024-03-15T06:40:00+00:00,14.1616,63.9559,11.1,175.0,0,AIS_CLASS_A
477004073,V004,BYSTANDER V004,2024-03-15T06:50:00+00:00,14.1216,63.9609,11.0,175.0,0,AIS_CLASS_A
477004073,V004,BYSTANDER V004,2024-03-15T07:00:00+00:00,14.0816,63.9659,10.8,175.0,0,AIS_CLASS_A
477004073,V004,BYSTANDER V004,2024-03-15T07:10:00+00:00,14.0416,63.9709,10.8,175.0,0,AIS_CLASS_A
477004073,V004,BYSTANDER V004,2024-03-15T07:20:00+00:00,14.0016,63.9759,11.0,175.0,0,AIS_CLASS_A
477004073,V004,BYSTANDER V004,2024-03-15T07:30:00+00:00,13.9616,63.9809,11.2,175.0,0,AIS_CLASS_A
477004073,V004,BYSTANDER V004,2024-03-15T07:40:00+00:00,13.9216,63.9859,11.2,175.0,0,AIS_CLASS_A
477004073,V004,BYSTANDER V004,2024-03-15T07:50:00+00:00,13.8816,63.9909,11.0,175.0,0,AIS_CLASS_A
477004073,V004,BYSTANDER V004,2024-03-15T08:00:00+00:00,13.8416,63.9959,10.8,175.0,0,AIS_CLASS_A
477004073,V004,BYSTANDER V004,2024-03-15T08:10:00+00:00,13.8016,64.0009,10.8,175.0,0,AIS_CLASS_A
477004073,V004,BYSTANDER V004,2024-03-15T08:20:00+00:00,13.7616,64.0059,10.9,175.0,0,AIS_CLASS_A
477004073,V004,BYSTANDER V004,2024-03-15T08:30:00+00:00,13.7216,64.0109,11.1,175.0,0,AIS_CLASS_A
477004073,V004,BYSTANDER V004,2024-03-15T08:40:00+00:00,13.6816,64.0159,11.2,175.0,0,AIS_CLASS_A
477004073,V004,BYSTANDER V004,2024-03-15T08:50:00+00:00,13.6416,64.0209,11.1,175.0,0,AIS_CLASS_A
477004073,V004,BYSTANDER V004,2024-03-15T09:00:00+00:00,13.6016,64.0259,10.9,175.0,0,AIS_CLASS_A
477004073,V004,BYSTANDER V004,2024-03-15T09:10:00+00:00,13.5616,64.0309,10.8,175.0,0,AIS_CLASS_A
477004073,V004,BYSTANDER V004,2024-03-15T09:20:00+00:00,13.5216,64.0359,10.9,175.0,0,AIS_CLASS_A
477004073,V004,BYSTANDER V004,2024-03-15T09:30:00+00:00,13.4816,64.0409,11.1,175.0,0,AIS_CLASS_A
477004073,V004,BYSTANDER V004,2024-03-15T09:40:00+00:00,13.4416,64.0459,11.2,175.0,0,AIS_CLASS_A
477004073,V004,BYSTANDER V004,2024-03-15T09:50:00+00:00,13.4016,64.0509,11.1,175.0,0,AIS_CLASS_A
477005073,V005,BYSTANDER V005,2024-03-15T00:00:00+00:00,17.2616,63.6559,13.0,45.0,0,AIS_CLASS_A
477005073,V005,BYSTANDER V005,2024-03-15T00:10:00+00:00,17.2966,63.6909,13.2,45.0,0,AIS_CLASS_A
477005073,V005,BYSTANDER V005,2024-03-15T00:20:00+00:00,17.3316,63.7259,13.2,45.0,0,AIS_CLASS_A
477005073,V005,BYSTANDER V005,2024-03-15T00:30:00+00:00,17.3666,63.7609,13.0,45.0,0,AIS_CLASS_A
477005073,V005,BYSTANDER V005,2024-03-15T00:40:00+00:00,17.4016,63.7959,12.8,45.0,0,AIS_CLASS_A
477005073,V005,BYSTANDER V005,2024-03-15T00:50:00+00:00,17.4366,63.8309,12.8,45.0,0,AIS_CLASS_A
477005073,V005,BYSTANDER V005,2024-03-15T01:00:00+00:00,17.4716,63.8659,12.9,45.0,0,AIS_CLASS_A
477005073,V005,BYSTANDER V005,2024-03-15T01:10:00+00:00,17.5066,63.9009,13.1,45.0,0,AIS_CLASS_A
477005073,V005,BYSTANDER V005,2024-03-15T01:20:00+00:00,17.5416,63.9359,13.2,45.0,0,AIS_CLASS_A
477005073,V005,BYSTANDER V005,2024-03-15T01:30:00+00:00,17.5766,63.9709,13.1,45.0,0,AIS_CLASS_A
477005073,V005,BYSTANDER V005,2024-03-15T01:40:00+00:00,17.6116,64.0059,12.9,45.0,0,AIS_CLASS_A
477005073,V005,BYSTANDER V005,2024-03-15T01:50:00+00:00,17.6466,64.0409,12.8,45.0,0,AIS_CLASS_A
477005073,V005,BYSTANDER V005,2024-03-15T02:00:00+00:00,17.6816,64.0759,12.9,45.0,0,AIS_CLASS_A
477005073,V005,BYSTANDER V005,2024-03-15T02:10:00+00:00,17.7166,64.1109,13.1,45.0,0,AIS_CLASS_A
477005073,V005,BYSTANDER V005,2024-03-15T02:20:00+00:00,17.7516,64.1459,13.2,45.0,0,AIS_CLASS_A
477005073,V005,BYSTANDER V005,2024-03-15T02:30:00+00:00,17.7866,64.1809,13.1,45.0,0,AIS_CLASS_A
477005073,V005,BYSTANDER V005,2024-03-15T02:40:00+00:00,17.8216,64.2159,12.9,45.0,0,AIS_CLASS_A
477005073,V005,BYSTANDER V005,2024-03-15T02:50:00+00:00,17.8566,64.2509,12.8,45.0,0,AIS_CLASS_A
477005073,V005,BYSTANDER V005,2024-03-15T03:00:00+00:00,17.8916,64.2859,12.8,45.0,0,AIS_CLASS_A
477005073,V005,BYSTANDER V005,2024-03-15T03:10:00+00:00,17.9266,64.3209,13.0,45.0,0,AIS_CLASS_A
477005073,V005,BYSTANDER V005,2024-03-15T03:20:00+00:00,17.9616,64.3559,13.2,45.0,0,AIS_CLASS_A
477005073,V005,BYSTANDER V005,2024-03-15T03:30:00+00:00,17.9966,64.3909,13.2,45.0,0,AIS_CLASS_A
477005073,V005,BYSTANDER V005,2024-03-15T03:40:00+00:00,18.0316,64.4259,13.0,45.0,0,AIS_CLASS_A
477005073,V005,BYSTANDER V005,2024-03-15T03:50:00+00:00,18.0666,64.4609,12.8,45.0,0,AIS_CLASS_A
477005073,V005,BYSTANDER V005,2024-03-15T04:00:00+00:00,18.1016,64.4959,12.8,45.0,0,AIS_CLASS_A
477005073,V005,BYSTANDER V005,2024-03-15T04:10:00+00:00,18.1366,64.5309,13.0,45.0,0,AIS_CLASS_A
477005073,V005,BYSTANDER V005,2024-03-15T04:20:00+00:00,18.1716,64.5659,13.2,45.0,0,AIS_CLASS_A
477005073,V005,BYSTANDER V005,2024-03-15T04:30:00+00:00,18.2066,64.6009,13.2,45.0,0,AIS_CLASS_A
477005073,V005,BYSTANDER V005,2024-03-15T04:40:00+00:00,18.2416,64.6359,13.1,45.0,0,AIS_CLASS_A
477005073,V005,BYSTANDER V005,2024-03-15T04:50:00+00:00,18.2766,64.6709,12.9,45.0,0,AIS_CLASS_A
477005073,V005,BYSTANDER V005,2024-03-15T05:00:00+00:00,18.3116,64.7059,12.8,45.0,0,AIS_CLASS_A
477005073,V005,BYSTANDER V005,2024-03-15T05:10:00+00:00,18.3466,64.7409,12.9,45.0,0,AIS_CLASS_A
477005073,V005,BYSTANDER V005,2024-03-15T05:20:00+00:00,18.3816,64.7759,13.1,45.0,0,AIS_CLASS_A
477005073,V005,BYSTANDER V005,2024-03-15T05:30:00+00:00,18.4166,64.8109,13.2,45.0,0,AIS_CLASS_A
477005073,V005,BYSTANDER V005,2024-03-15T05:40:00+00:00,18.4516,64.8459,13.1,45.0,0,AIS_CLASS_A
477005073,V005,BYSTANDER V005,2024-03-15T05:50:00+00:00,18.4866,64.8809,12.9,45.0,0,AIS_CLASS_A
477005073,V005,BYSTANDER V005,2024-03-15T06:00:00+00:00,18.5216,64.9159,12.8,45.0,0,AIS_CLASS_A
477005073,V005,BYSTANDER V005,2024-03-15T06:10:00+00:00,18.5566,64.9509,12.9,45.0,0,AIS_CLASS_A
477005073,V005,BYSTANDER V005,2024-03-15T06:20:00+00:00,18.5916,64.9859,13.1,45.0,0,AIS_CLASS_A
477005073,V005,BYSTANDER V005,2024-03-15T06:30:00+00:00,18.6266,65.0209,13.2,45.0,0,AIS_CLASS_A
477005073,V005,BYSTANDER V005,2024-03-15T06:40:00+00:00,18.6616,65.0559,13.1,45.0,0,AIS_CLASS_A
477005073,V005,BYSTANDER V005,2024-03-15T06:50:00+00:00,18.6966,65.0909,13.0,45.0,0,AIS_CLASS_A
477005073,V005,BYSTANDER V005,2024-03-15T07:00:00+00:00,18.7316,65.1259,12.8,45.0,0,AIS_CLASS_A
477005073,V005,BYSTANDER V005,2024-03-15T07:10:00+00:00,18.7666,65.1609,12.8,45.0,0,AIS_CLASS_A
477005073,V005,BYSTANDER V005,2024-03-15T07:20:00+00:00,18.8016,65.1959,13.0,45.0,0,AIS_CLASS_A
477005073,V005,BYSTANDER V005,2024-03-15T07:30:00+00:00,18.8366,65.2309,13.2,45.0,0,AIS_CLASS_A
477005073,V005,BYSTANDER V005,2024-03-15T07:40:00+00:00,18.8716,65.2659,13.2,45.0,0,AIS_CLASS_A
477005073,V005,BYSTANDER V005,2024-03-15T07:50:00+00:00,18.9066,65.3009,13.0,45.0,0,AIS_CLASS_A
477005073,V005,BYSTANDER V005,2024-03-15T08:00:00+00:00,18.9416,65.3359,12.8,45.0,0,AIS_CLASS_A
477005073,V005,BYSTANDER V005,2024-03-15T08:10:00+00:00,18.9766,65.3709,12.8,45.0,0,AIS_CLASS_A
477005073,V005,BYSTANDER V005,2024-03-15T08:20:00+00:00,19.0116,65.4059,12.9,45.0,0,AIS_CLASS_A
477005073,V005,BYSTANDER V005,2024-03-15T08:30:00+00:00,19.0466,65.4409,13.1,45.0,0,AIS_CLASS_A
477005073,V005,BYSTANDER V005,2024-03-15T08:40:00+00:00,19.0816,65.4759,13.2,45.0,0,AIS_CLASS_A
477005073,V005,BYSTANDER V005,2024-03-15T08:50:00+00:00,19.1166,65.5109,13.1,45.0,0,AIS_CLASS_A
477005073,V005,BYSTANDER V005,2024-03-15T09:00:00+00:00,19.1516,65.5459,12.9,45.0,0,AIS_CLASS_A
477005073,V005,BYSTANDER V005,2024-03-15T09:10:00+00:00,19.1866,65.5809,12.8,45.0,0,AIS_CLASS_A
477005073,V005,BYSTANDER V005,2024-03-15T09:20:00+00:00,19.2216,65.6159,12.9,45.0,0,AIS_CLASS_A
477005073,V005,BYSTANDER V005,2024-03-15T09:30:00+00:00,19.2566,65.6509,13.1,45.0,0,AIS_CLASS_A
477005073,V005,BYSTANDER V005,2024-03-15T09:40:00+00:00,19.2916,65.6859,13.2,45.0,0,AIS_CLASS_A
477005073,V005,BYSTANDER V005,2024-03-15T09:50:00+00:00,19.3266,65.7209,13.1,45.0,0,AIS_CLASS_A
